"ID","post_author","post_date","post_date_gmt","post_content","post_title","post_excerpt","post_status","comment_status","ping_status","post_password","post_name","to_ping","pinged","post_modified","post_modified_gmt","post_content_filtered","post_parent","guid","menu_order","post_type","post_mime_type","comment_count"
"3","1","2015-06-17 06:18:32","0000-00-00 00:00:00",,"Auto Draft",,"auto-draft","open","open",,,,,"2015-06-17 06:18:32","0000-00-00 00:00:00",,"0","http://statistquo.com/?p=3","0","post",,"0"
"5","1","2015-06-17 06:46:36","2015-06-17 06:46:36","The meaning of the term ""liberal"" was changed decades ago in the U.S. The change was the result of statists who recognized how popular liberalism had become. It still confuses people today, even leftists, and it will continue to do so until the confusion is rectified.

Here is an example of the confusion. I will address the authors arguments in a later post.

<a href=""http://www.rawstory.com/2015/05/here-are-7-things-people-who-say-theyre-fiscally-conservative-but-socially-liberal-dont-understand/"">http://www.rawstory.com/2015/05/here-are-7-things-people-who-say-theyre-fiscally-conservative-but-socially-liberal-dont-understand/</a>","Leftist Author Attempts to Clarify the Blur Created on the Left",,"publish","open","open",,"leftist-author-attempts-to-clarify-the-blur-created-on-the-left",,,"2015-06-19 04:53:35","2015-06-19 04:53:35",,"0","http://statistquo.com/?p=5","0","post",,"0"
"6","1","2015-06-17 06:46:36","2015-06-17 06:46:36","<a href=""http://www.rawstory.com/2015/05/here-are-7-things-people-who-say-theyre-fiscally-conservative-but-socially-liberal-dont-understand/"">http://www.rawstory.com/2015/05/here-are-7-things-people-who-say-theyre-fiscally-conservative-but-socially-liberal-dont-understand/</a>","Here are 7 things people who say they’re ‘fiscally conservative but socially liberal’ don’t understand",,"inherit","open","open",,"5-revision-v1",,,"2015-06-17 06:46:36","2015-06-17 06:46:36",,"5","http://statistquo.com/2015/06/17/5-revision-v1/","0","revision",,"0"
"7","1","2015-06-17 06:57:06","2015-06-17 06:57:06","The meaning of the term ""liberal"" was changed decades ago in the U.S. The change was the result of statists who recognized how popular liberalism had become. It still confuses people today, even leftists, and it will continue to

<a href=""http://www.rawstory.com/2015/05/here-are-7-things-people-who-say-theyre-fiscally-conservative-but-socially-liberal-dont-understand/"">http://www.rawstory.com/2015/05/here-are-7-things-people-who-say-theyre-fiscally-conservative-but-socially-liberal-dont-understand/</a>","Leftist Author Attempts to Clarify the Blur Created on the Left",,"inherit","open","open",,"5-autosave-v1",,,"2015-06-17 06:57:06","2015-06-17 06:57:06",,"5","http://statistquo.com/2015/06/17/5-autosave-v1/","0","revision",,"0"
"8","1","2015-06-17 06:59:03","2015-06-17 06:59:03","The meaning of the term ""liberal"" was changed decades ago in the U.S. The change was the result of statists who recognized how popular liberalism had become. It still confuses people today, even leftists, and it will continue to do so until the confusion is rectified.

Here is an example of the confusion. I will address the authors arguments in a later post.

<a href=""http://www.rawstory.com/2015/05/here-are-7-things-people-who-say-theyre-fiscally-conservative-but-socially-liberal-dont-understand/"">http://www.rawstory.com/2015/05/here-are-7-things-people-who-say-theyre-fiscally-conservative-but-socially-liberal-dont-understand/</a>","Leftist Author Attempts to Clarify the Blur Created on the Left",,"inherit","open","open",,"5-revision-v1",,,"2015-06-17 06:59:03","2015-06-17 06:59:03",,"5","http://statistquo.com/2015/06/17/5-revision-v1/","0","revision",,"0"
"10","1","2015-06-18 13:53:34","2015-06-18 13:53:34","<a href=""http://www.everyjoe.com/2015/06/17/politics/understanding-triggers-microaggression-as-strategy/#1"">http://www.everyjoe.com/2015/06/17/politics/understanding-triggers-microaggression-as-strategy/#1</a>","Understanding Triggers and Microaggression as Strategy",,"draft","open","open",,,,,"2015-06-18 13:53:34","2015-06-18 13:53:34",,"0","http://statistquo.com/?p=10","0","post",,"0"
"11","1","2015-06-18 13:53:34","2015-06-18 13:53:34","<a href=""http://www.everyjoe.com/2015/06/17/politics/understanding-triggers-microaggression-as-strategy/#1"">http://www.everyjoe.com/2015/06/17/politics/understanding-triggers-microaggression-as-strategy/#1</a>","Understanding Triggers and Microaggression as Strategy",,"inherit","open","open",,"10-revision-v1",,,"2015-06-18 13:53:34","2015-06-18 13:53:34",,"10","http://statistquo.com/2015/06/18/10-revision-v1/","0","revision",,"0"
"12","1","2015-06-18 14:18:42","2015-06-18 14:18:42","<a href=""http://www.washingtonpost.com/news/volokh-conspiracy/wp/2015/06/16/uc-teaching-faculty-members-not-to-criticize-race-based-affirmative-action-call-america-melting-pot-and-more/"">http://www.washingtonpost.com/news/volokh-conspiracy/wp/2015/06/16/uc-teaching-faculty-members-not-to-criticize-race-based-affirmative-action-call-america-melting-pot-and-more/</a>","UC teaching faculty members not to criticize race-based affirmative action, call America ‘melting pot,’ and more - The Washington Post",,"draft","open","open",,,,,"2015-06-18 14:18:42","2015-06-18 14:18:42",,"0","http://statistquo.com/?p=12","0","post",,"0"
"13","1","2015-06-18 14:18:42","2015-06-18 14:18:42","<a href=""http://www.washingtonpost.com/news/volokh-conspiracy/wp/2015/06/16/uc-teaching-faculty-members-not-to-criticize-race-based-affirmative-action-call-america-melting-pot-and-more/"">http://www.washingtonpost.com/news/volokh-conspiracy/wp/2015/06/16/uc-teaching-faculty-members-not-to-criticize-race-based-affirmative-action-call-america-melting-pot-and-more/</a>","UC teaching faculty members not to criticize race-based affirmative action, call America ‘melting pot,’ and more - The Washington Post",,"inherit","open","open",,"12-revision-v1",,,"2015-06-18 14:18:42","2015-06-18 14:18:42",,"12","http://statistquo.com/2015/06/18/12-revision-v1/","0","revision",,"0"
"14","1","2015-06-25 13:40:34","2015-06-25 13:40:34","<a href=""https://www.theobjectivestandard.com/2015/06/yes-conservatives-islam-is-a-religion/"">https://www.theobjectivestandard.com/2015/06/yes-conservatives-islam-is-a-religion/</a>","Yes, Conservatives, Islam Is a Religion - The Objective Standard","The fundamental problem is not the specific tenets of Islam, but the idea that faith is a means of knowledge.","draft","open","open",,,,,"2015-06-25 13:40:34","2015-06-25 13:40:34",,"0","http://statistquo.com/?p=14","0","post",,"0"
"15","1","2015-06-25 13:40:34","2015-06-25 13:40:34","<a href=""https://www.theobjectivestandard.com/2015/06/yes-conservatives-islam-is-a-religion/"">https://www.theobjectivestandard.com/2015/06/yes-conservatives-islam-is-a-religion/</a>","Yes, Conservatives, Islam Is a Religion - The Objective Standard","The fundamental problem is not the specific tenets of Islam, but the idea that faith is a means of knowledge.","inherit","open","open",,"14-revision-v1",,,"2015-06-25 13:40:34","2015-06-25 13:40:34",,"14","http://statistquo.com/2015/06/25/14-revision-v1/","0","revision",,"0"
"16","1","2015-06-25 13:44:45","2015-06-25 13:44:45","<a href=""https://www.theobjectivestandard.com/2015/06/yes-conservatives-islam-is-a-religion/"">https://www.theobjectivestandard.com/2015/06/yes-conservatives-islam-is-a-religion/</a>","Yes, Conservatives, Islam Is a Religion - The Objective Standard",,"draft","open","open",,,,,"2015-06-25 13:44:45","2015-06-25 13:44:45",,"0","http://statistquo.com/?p=16","0","post",,"0"
"17","1","2015-06-25 13:44:45","2015-06-25 13:44:45","<a href=""https://www.theobjectivestandard.com/2015/06/yes-conservatives-islam-is-a-religion/"">https://www.theobjectivestandard.com/2015/06/yes-conservatives-islam-is-a-religion/</a>","Yes, Conservatives, Islam Is a Religion - The Objective Standard",,"inherit","open","open",,"16-revision-v1",,,"2015-06-25 13:44:45","2015-06-25 13:44:45",,"16","http://statistquo.com/2015/06/25/16-revision-v1/","0","revision",,"0"
"18","1","2015-06-28 20:08:59","0000-00-00 00:00:00","The early proponents of socialism were not anti-capitalists, like their modern disciples. Even Karl Marx himself saw capitalism as a necessary and good step on the supposed road to socialism.","The Subversion of Socialism",,"draft","open","open",,,,,"2015-06-28 20:08:59","2015-06-28 20:08:59",,"0","http://statistquo.com/?p=18","0","post",,"0"
"19","1","2015-06-28 20:08:59","2015-06-28 20:08:59","The early proponents of socialism were not anti-capitalists, like their modern disciples. Even Karl Marx himself saw capitalism as a necessary and good step on the supposed road to socialism.","The Subversion of Socialism",,"inherit","open","open",,"18-revision-v1",,,"2015-06-28 20:08:59","2015-06-28 20:08:59",,"18","http://statistquo.com/2015/06/28/18-revision-v1/","0","revision",,"0"
"20","1","2015-07-06 03:34:20","2015-07-06 03:34:20","Is the hijab a feminist statement? - <a href=""http://wp.me/p1N9km-a2"">http://wp.me/p1N9km-a2</a>","Shared from WordPress",,"draft","open","open",,,,,"2015-07-06 03:34:20","2015-07-06 03:34:20",,"0","http://statistquo.com/?p=20","0","post",,"0"
"21","1","2015-07-06 03:34:20","2015-07-06 03:34:20","Is the hijab a feminist statement? - <a href=""http://wp.me/p1N9km-a2"">http://wp.me/p1N9km-a2</a>","Shared from WordPress",,"inherit","open","open",,"20-revision-v1",,,"2015-07-06 03:34:20","2015-07-06 03:34:20",,"20","http://statistquo.com/2015/07/06/20-revision-v1/","0","revision",,"0"
"22","1","2015-07-06 17:35:31","2015-07-06 17:35:31","<a href=""http://www.washingtonpost.com/news/volokh-conspiracy/wp/2015/07/05/the-declaration-of-independence-and-god/"">http://www.washingtonpost.com/news/volokh-conspiracy/wp/2015/07/05/the-declaration-of-independence-and-god/</a>","The Declaration of Independence and God - The Washington Post",,"draft","open","open",,,,,"2015-07-06 17:35:31","2015-07-06 17:35:31",,"0","http://statistquo.com/?p=22","0","post",,"0"
"23","1","2015-07-06 17:35:31","2015-07-06 17:35:31","<a href=""http://www.washingtonpost.com/news/volokh-conspiracy/wp/2015/07/05/the-declaration-of-independence-and-god/"">http://www.washingtonpost.com/news/volokh-conspiracy/wp/2015/07/05/the-declaration-of-independence-and-god/</a>","The Declaration of Independence and God - The Washington Post",,"inherit","open","open",,"22-revision-v1",,,"2015-07-06 17:35:31","2015-07-06 17:35:31",,"22","http://statistquo.com/2015/07/06/22-revision-v1/","0","revision",,"0"
"24","1","2015-07-11 17:10:36","2015-07-11 17:10:36","<a href=""http://www.wsj.com/articles/BL-269B-3824"">http://www.wsj.com/articles/BL-269B-3824</a>","Campbell Brown to Launch Non-Profit Education News Site That Won’t Shy From Advocacy - WSJ",,"draft","open","open",,,,,"2015-07-11 17:10:36","2015-07-11 17:10:36",,"0","http://statistquo.com/?p=24","0","post",,"0"
"25","1","2015-07-11 17:10:36","2015-07-11 17:10:36","<a href=""http://www.wsj.com/articles/BL-269B-3824"">http://www.wsj.com/articles/BL-269B-3824</a>","Campbell Brown to Launch Non-Profit Education News Site That Won’t Shy From Advocacy - WSJ",,"inherit","open","open",,"24-revision-v1",,,"2015-07-11 17:10:36","2015-07-11 17:10:36",,"24","http://statistquo.com/2015/07/11/24-revision-v1/","0","revision",,"0"
"26","1","2015-07-14 06:21:50","2015-07-14 06:21:50","<a href=""http://www.stephenhicks.org/#article/31060"">http://www.stephenhicks.org/#article/31060</a>","Stephen Hicks, Ph.D.",,"publish","open","open",,"stephen-hicks-ph-d",,,"2015-07-14 06:21:50","2015-07-14 06:21:50",,"0","http://statistquo.com/?p=26","0","post",,"0"
"27","1","2015-07-14 06:21:50","2015-07-14 06:21:50","<a href=""http://www.stephenhicks.org/#article/31060"">http://www.stephenhicks.org/#article/31060</a>","Stephen Hicks, Ph.D.",,"inherit","open","open",,"26-revision-v1",,,"2015-07-14 06:21:50","2015-07-14 06:21:50",,"26","http://statistquo.com/2015/07/14/26-revision-v1/","0","revision",,"0"
"28","1","2015-08-04 00:16:44","2015-08-04 00:16:44","""A rational approach would simply be to harness capitalism and put a global, uniform price on carbon, refunding the revenue with tax cuts that spur growth. Simple, easy. Make it go global with a border tax adjustment.""

What is scary here is the total misunderstanding or denial of capitalism when the commenter says ""harness capitalism and put...""

It has never occurred to most people, I think, that capitalism means that you stop putting harnesses on people. It mean free and unrestricted trade. It does not mean taxes, and price fixing. 

http://www.wsj.com/articles/the-unsettling-anti-science-certitude-on-global-warming-1438300982",,,"publish","open","open",,"28",,,"2015-08-04 00:16:44","2015-08-04 00:16:44",,"0","http://statistquo.com/?p=28","0","post",,"0"
"29","1","2015-08-04 00:16:44","2015-08-04 00:16:44","""A rational approach would simply be to harness capitalism and put a global, uniform price on carbon, refunding the revenue with tax cuts that spur growth. Simple, easy. Make it go global with a border tax adjustment.""

What is scary here is the total misunderstanding or denial of capitalism when the commenter says ""harness capitalism and put...""

It has never occurred to most people, I think, that capitalism means that you stop putting harnesses on people. It mean free and unrestricted trade. It does not mean taxes, and price fixing. 

http://www.wsj.com/articles/the-unsettling-anti-science-certitude-on-global-warming-1438300982",,,"inherit","open","open",,"28-revision-v1",,,"2015-08-04 00:16:44","2015-08-04 00:16:44",,"28","http://statistquo.com/2015/08/04/28-revision-v1/","0","revision",,"0"
"30","1","2015-08-05 06:26:50","2015-08-05 06:26:50","I know what my left-leaning net-neutrality friends are thinking: ""Why can't the U.S. be more proactive like this? They could protect privacy, stop kiddy porn and the spreading of unwanted political rumors.""

<a href=""http://nr.news-republic.com/Web/ArticleWeb.aspx?regionid=1&articleid=45936702&source=wordpress"">http://nr.news-republic.com/Web/ArticleWeb.aspx?regionid=1&articleid=45936702&source=wordpress</a>","China to put security teams in major Internet firms, websites",,"publish","open","open",,"china-to-put-security-teams-in-major-internet-firms-websites",,,"2015-08-05 06:26:50","2015-08-05 06:26:50",,"0","http://statistquo.com/?p=30","0","post",,"0"
"31","1","2015-08-05 06:26:50","2015-08-05 06:26:50","I know what my left-leaning net-neutrality friends are thinking: ""Why can't the U.S. be more proactive like this? They could protect privacy, stop kiddy porn and the spreading of unwanted political rumors.""

<a href=""http://nr.news-republic.com/Web/ArticleWeb.aspx?regionid=1&articleid=45936702&source=wordpress"">http://nr.news-republic.com/Web/ArticleWeb.aspx?regionid=1&articleid=45936702&source=wordpress</a>","China to put security teams in major Internet firms, websites",,"inherit","open","open",,"30-revision-v1",,,"2015-08-05 06:26:50","2015-08-05 06:26:50",,"30","http://statistquo.com/2015/08/05/30-revision-v1/","0","revision",,"0"
"32","1","2015-09-02 06:18:08","2015-09-02 06:18:08","<a href=""http://www.nytimes.com/politics/first-draft/2015/09/01/james-okeefe-to-step-up-political-stalking/"">http://www.nytimes.com/politics/first-draft/2015/09/01/james-okeefe-to-step-up-political-stalking/</a>","Undercover Activist James O'Keefe Plans to Step Up Political Stalking - First Draft. Political News, Now. - The New York Times",,"publish","open","open",,"undercover-activist-james-okeefe-plans-to-step-up-political-stalking-first-draft-political-news-now-the-new-york-times",,,"2015-09-02 06:18:08","2015-09-02 06:18:08",,"0","http://statistquo.com/?p=32","0","post",,"0"
"33","1","2015-09-02 06:18:08","2015-09-02 06:18:08","<a href=""http://www.nytimes.com/politics/first-draft/2015/09/01/james-okeefe-to-step-up-political-stalking/"">http://www.nytimes.com/politics/first-draft/2015/09/01/james-okeefe-to-step-up-political-stalking/</a>","Undercover Activist James O'Keefe Plans to Step Up Political Stalking - First Draft. Political News, Now. - The New York Times",,"inherit","open","open",,"32-revision-v1",,,"2015-09-02 06:18:08","2015-09-02 06:18:08",,"32","http://statistquo.com/2015/09/02/32-revision-v1/","0","revision",,"0"
"34","1","2015-09-19 01:14:18","2015-09-19 01:14:18","<a href=""https://mises.org/blog/i-want-be-consumer"">https://mises.org/blog/i-want-be-consumer</a>","Mises Wire | Mises Institute",,"publish","open","open",,"mises-wire-mises-institute",,,"2015-09-19 01:14:18","2015-09-19 01:14:18",,"0","http://statistquo.com/?p=34","0","post",,"0"
"35","1","2015-09-19 01:14:18","2015-09-19 01:14:18","<a href=""https://mises.org/blog/i-want-be-consumer"">https://mises.org/blog/i-want-be-consumer</a>","Mises Wire | Mises Institute",,"inherit","open","open",,"34-revision-v1",,,"2015-09-19 01:14:18","2015-09-19 01:14:18",,"34","http://statistquo.com/2015/09/19/34-revision-v1/","0","revision",,"0"
"36","1","2015-10-08 06:28:25","2015-10-08 06:28:25","U.S. government spying is hurting U.S.businesses, especially the smaller ones.

<blockquote> the European Court of Justice (ECJ) said the provisions used by more than 4,000 firms did not give Europeans sufficient protection against U.S. government access.</blockquote>

<a href=""http://mobile.reuters.com/article/idUSKCN0S12TL20151008"">http://mobile.reuters.com/article/idUSKCN0S12TL20151008</a>","Smaller U.S. businesses fear freeze from EU privacy ruling | Reuters",,"publish","open","open",,"smaller-u-s-businesses-fear-freeze-from-eu-privacy-ruling-reuters",,,"2015-10-08 06:30:29","2015-10-08 06:30:29",,"0","http://statistquo.com/?p=36","0","post",,"0"
"37","1","2015-10-08 06:28:25","2015-10-08 06:28:25","U.S. government spying is hurting U.S.businesses, especially the smaller ones. 

<a href=""http://mobile.reuters.com/article/idUSKCN0S12TL20151008"">http://mobile.reuters.com/article/idUSKCN0S12TL20151008</a>","Smaller U.S. businesses fear freeze from EU privacy ruling | Reuters",,"inherit","open","open",,"36-revision-v1",,,"2015-10-08 06:28:25","2015-10-08 06:28:25",,"36","http://statistquo.com/2015/10/08/36-revision-v1/","0","revision",,"0"
"38","1","2015-10-08 06:30:29","2015-10-08 06:30:29","U.S. government spying is hurting U.S.businesses, especially the smaller ones.

<blockquote> the European Court of Justice (ECJ) said the provisions used by more than 4,000 firms did not give Europeans sufficient protection against U.S. government access.</blockquote>

<a href=""http://mobile.reuters.com/article/idUSKCN0S12TL20151008"">http://mobile.reuters.com/article/idUSKCN0S12TL20151008</a>","Smaller U.S. businesses fear freeze from EU privacy ruling | Reuters",,"inherit","open","open",,"36-revision-v1",,,"2015-10-08 06:30:29","2015-10-08 06:30:29",,"36","http://statistquo.com/2015/10/08/36-revision-v1/","0","revision",,"0"
"39","1","2015-10-12 21:40:33","2015-10-12 21:40:33","The thought-leaders in economics say that equality of wealth is the given, and that inequality must be explained. 

<a href=""http://www.theguardian.com/business/2015/oct/12/angus-deaton-wins-nobel-prize-in-economics"">http://www.theguardian.com/business/2015/oct/12/angus-deaton-wins-nobel-prize-in-economics</a>","Angus Deaton wins Nobel prize in economics | Business | The Guardian",,"publish","open","open",,"angus-deaton-wins-nobel-prize-in-economics-business-the-guardian",,,"2015-10-12 21:40:33","2015-10-12 21:40:33",,"0","http://statistquo.com/?p=39","0","post",,"0"
"40","1","2015-10-12 21:40:33","2015-10-12 21:40:33","The thought-leaders in economics say that equality of wealth is the given, and that inequality must be explained. 

<a href=""http://www.theguardian.com/business/2015/oct/12/angus-deaton-wins-nobel-prize-in-economics"">http://www.theguardian.com/business/2015/oct/12/angus-deaton-wins-nobel-prize-in-economics</a>","Angus Deaton wins Nobel prize in economics | Business | The Guardian",,"inherit","open","open",,"39-revision-v1",,,"2015-10-12 21:40:33","2015-10-12 21:40:33",,"39","http://statistquo.com/2015/10/12/39-revision-v1/","0","revision",,"0"
"41","1","2015-10-14 18:30:41","2015-10-14 18:30:41","Nations are guided by thought leaders. Where have they lead us? Who are they? What are the leading thoughts? 

We are not guided by the masses. This is an excuse made by the thought leaders when their plans fail. 

The average man is not a thought leader. 

Most of us don't take the time to inspect the foundations of our thinking. Most of us don't take the time to examine the rules, codes and guidelines we live by. If you look around at the man on the street you are looking mostly at followers. Most of us are followers, and even among the leaders they are followers for most of their lives.","Thought Leaders",,"draft","open","open",,,,,"2015-10-14 18:30:41","2015-10-14 18:30:41",,"0","http://statistquo.com/?p=41","0","post",,"0"
"42","1","2015-10-14 18:30:41","2015-10-14 18:30:41","Nations are guided by thought leaders. Where have they lead us? Who are they? What are the leading thoughts? 

We are not guided by the masses. This is an excuse made by the thought leaders when their plans fail. 

The average man is not a thought leader. 

Most of us don't take the time to inspect the foundations of our thinking. Most of us don't take the time to examine the rules, codes and guidelines we live by. If you look around at the man on the street you are looking mostly at followers. Most of us are followers, and even among the leaders they are followers for most of their lives.","Thought Leaders",,"inherit","open","open",,"41-revision-v1",,,"2015-10-14 18:30:41","2015-10-14 18:30:41",,"41","http://statistquo.com/2015/10/14/41-revision-v1/","0","revision",,"0"
"43","1","2015-10-14 21:53:32","2015-10-14 21:53:32","<a href=""http://newsbusters.org/blogs/nb/jeffrey-meyer/2015/10/14/joy-behar-declares-im-aroused-hot-bernie-sanders"">http://newsbusters.org/blogs/nb/jeffrey-meyer/2015/10/14/joy-behar-declares-im-aroused-hot-bernie-sanders</a>","Joy Behar Declares ‘I’m Aroused’ by ‘Hot’ Bernie Sanders",,"publish","open","open",,"joy-behar-declares-im-aroused-by-hot-bernie-sanders",,,"2015-10-14 21:53:32","2015-10-14 21:53:32",,"0","http://statistquo.com/?p=43","0","post",,"0"
"44","1","2015-10-14 21:53:32","2015-10-14 21:53:32","<a href=""http://newsbusters.org/blogs/nb/jeffrey-meyer/2015/10/14/joy-behar-declares-im-aroused-hot-bernie-sanders"">http://newsbusters.org/blogs/nb/jeffrey-meyer/2015/10/14/joy-behar-declares-im-aroused-hot-bernie-sanders</a>","Joy Behar Declares ‘I’m Aroused’ by ‘Hot’ Bernie Sanders",,"inherit","open","open",,"43-revision-v1",,,"2015-10-14 21:53:32","2015-10-14 21:53:32",,"43","http://statistquo.com/2015/10/14/43-revision-v1/","0","revision",,"0"
"45","1","2015-10-15 06:59:45","2015-10-15 06:59:45","<a href=""http://www.sunshinestatenews.com/story/bullying-ben-carson-coddling-democrats"">http://www.sunshinestatenews.com/story/bullying-ben-carson-coddling-democrats</a>","Bullying Ben Carson, Coddling Democrats | Sunshine State News | Florida Political News",,"publish","open","open",,"bullying-ben-carson-coddling-democrats-sunshine-state-news-florida-political-news",,,"2015-10-15 06:59:45","2015-10-15 06:59:45",,"0","http://statistquo.com/?p=45","0","post",,"0"
"46","1","2015-10-15 06:59:45","2015-10-15 06:59:45","<a href=""http://www.sunshinestatenews.com/story/bullying-ben-carson-coddling-democrats"">http://www.sunshinestatenews.com/story/bullying-ben-carson-coddling-democrats</a>","Bullying Ben Carson, Coddling Democrats | Sunshine State News | Florida Political News",,"inherit","open","open",,"45-revision-v1",,,"2015-10-15 06:59:45","2015-10-15 06:59:45",,"45","http://statistquo.com/2015/10/15/45-revision-v1/","0","revision",,"0"
"47","1","2015-10-15 14:20:58","2015-10-15 14:20:58","The reason this happened is not because black people are bad or deserve this treatment. 

It is because the anti-capitalist policies of the left don't work, have never worked, and will continue to not work. 

This is caused by blind faith in the Statist Quo. 

<a href=""http://newsbusters.org/blogs/noel-sheppard/2013/10/11/tavis-smiley-black-people-will-have-lost-ground-every-single-economic"">http://newsbusters.org/blogs/noel-sheppard/2013/10/11/tavis-smiley-black-people-will-have-lost-ground-every-single-economic</a>","Tavis Smiley: 'Black People Will Have Lost Ground in Every Single Economic Indicator' Under Obama",,"publish","open","open",,"tavis-smiley-black-people-will-have-lost-ground-in-every-single-economic-indicator-under-obama",,,"2015-10-15 14:22:31","2015-10-15 14:22:31",,"0","http://statistquo.com/?p=47","0","post",,"0"
"48","1","2015-10-15 14:20:58","2015-10-15 14:20:58","The reason this happened is not because black people are bad or deserve this treatment. 

It is because the policies of the left don't work, have never worked, and will continue to not work. 

This is caused by blind faith in the Statist Quo. 

<a href=""http://newsbusters.org/blogs/noel-sheppard/2013/10/11/tavis-smiley-black-people-will-have-lost-ground-every-single-economic"">http://newsbusters.org/blogs/noel-sheppard/2013/10/11/tavis-smiley-black-people-will-have-lost-ground-every-single-economic</a>","Tavis Smiley: 'Black People Will Have Lost Ground in Every Single Economic Indicator' Under Obama",,"inherit","open","open",,"47-revision-v1",,,"2015-10-15 14:20:58","2015-10-15 14:20:58",,"47","http://statistquo.com/2015/10/15/47-revision-v1/","0","revision",,"0"
"49","1","2015-10-15 14:22:31","2015-10-15 14:22:31","The reason this happened is not because black people are bad or deserve this treatment. 

It is because the anti-capitalist policies of the left don't work, have never worked, and will continue to not work. 

This is caused by blind faith in the Statist Quo. 

<a href=""http://newsbusters.org/blogs/noel-sheppard/2013/10/11/tavis-smiley-black-people-will-have-lost-ground-every-single-economic"">http://newsbusters.org/blogs/noel-sheppard/2013/10/11/tavis-smiley-black-people-will-have-lost-ground-every-single-economic</a>","Tavis Smiley: 'Black People Will Have Lost Ground in Every Single Economic Indicator' Under Obama",,"inherit","open","open",,"47-revision-v1",,,"2015-10-15 14:22:31","2015-10-15 14:22:31",,"47","http://statistquo.com/2015/10/15/47-revision-v1/","0","revision",,"0"
"50","1","2015-10-15 14:49:30","2015-10-15 14:49:30","Restrictions on commerce drive struggling individuals underground. 

The Guardian: I'm a sex trafficking survivor. America's laws won't let me leave my past behind. <a href=""http://google.com/newsstand/s/CBIw-em6jSY"">http://google.com/newsstand/s/CBIw-em6jSY</a>","The Guardian: I'm a sex trafficking survivor. America's laws won't let me leave my past behind",,"publish","open","open",,"the-guardian-im-a-sex-trafficking-survivor-americas-laws-wont-let-me-leave-my-past-behind",,,"2015-10-15 14:49:30","2015-10-15 14:49:30",,"0","http://statistquo.com/?p=50","0","post",,"0"
"51","1","2015-10-15 14:49:30","2015-10-15 14:49:30","Restrictions on commerce drive struggling individuals underground. 

The Guardian: I'm a sex trafficking survivor. America's laws won't let me leave my past behind. <a href=""http://google.com/newsstand/s/CBIw-em6jSY"">http://google.com/newsstand/s/CBIw-em6jSY</a>","The Guardian: I'm a sex trafficking survivor. America's laws won't let me leave my past behind",,"inherit","open","open",,"50-revision-v1",,,"2015-10-15 14:49:30","2015-10-15 14:49:30",,"50","http://statistquo.com/2015/10/15/50-revision-v1/","0","revision",,"0"
"52","1","2015-10-15 15:09:57","2015-10-15 15:09:57","A valuable account of the ideas behind the choices. 

The corruption comes from the source. Sarah chairs says the source is the tip, the head, the leader of State. 

But the corruption that flows out is the negation of individual allocation of scarce resources. 

Excellent explanation of American riots in reason as a basis for govt. Ch 11.

The author goes through a list of fixes that can be implemented, some of them good some bad, but all directed at reducing corruption, but the type of corruption she is talking about is not adequately defined. 

http://www.amazon.com/Thieves-State-Corruption-Threatens-Security/dp/0393239462","""Thieves of State""",,"draft","open","open",,,,,"2015-10-19 03:06:14","2015-10-19 03:06:14",,"0","http://statistquo.com/?p=52","0","post",,"0"
"53","1","2015-10-15 15:09:57","2015-10-15 15:09:57","A valuable account of the ideas behind the choices. 

http://www.amazon.com/Thieves-State-Corruption-Threatens-Security/dp/0393239462","""Thieves of State""",,"inherit","open","open",,"52-revision-v1",,,"2015-10-15 15:09:57","2015-10-15 15:09:57",,"52","http://statistquo.com/2015/10/15/52-revision-v1/","0","revision",,"0"
"56","1","2015-10-16 14:35:15","2015-10-16 14:35:15","<a href=""http://mobile.reuters.com/article/idUSKCN0S12TL20151008"">http://mobile.reuters.com/article/idUSKCN0S12TL20151008</a>","Smaller U.S. businesses fear freeze from EU privacy ruling | Reuters",,"publish","open","open",,"smaller-u-s-businesses-fear-freeze-from-eu-privacy-ruling-reuters-2",,,"2015-10-16 14:35:15","2015-10-16 14:35:15",,"0","http://statistquo.com/?p=56","0","post",,"0"
"57","1","2015-10-16 14:35:15","2015-10-16 14:35:15","<a href=""http://mobile.reuters.com/article/idUSKCN0S12TL20151008"">http://mobile.reuters.com/article/idUSKCN0S12TL20151008</a>","Smaller U.S. businesses fear freeze from EU privacy ruling | Reuters",,"inherit","open","open",,"56-revision-v1",,,"2015-10-16 14:35:15","2015-10-16 14:35:15",,"56","http://statistquo.com/2015/10/16/56-revision-v1/","0","revision",,"0"
"58","1","2015-10-16 14:37:46","2015-10-16 14:37:46","A valuable account of the ideas behind the choices. 

Excellent explanation of American riots in reason as a basis for govt. 

http://www.amazon.com/Thieves-State-Corruption-Threatens-Security/dp/0393239462","""Thieves of State""",,"inherit","open","open",,"52-revision-v1",,,"2015-10-16 14:37:46","2015-10-16 14:37:46",,"52","http://statistquo.com/2015/10/16/52-revision-v1/","0","revision",,"0"
"59","1","2015-10-16 14:38:58","2015-10-16 14:38:58","A valuable account of the ideas behind the choices. 

Excellent explanation of American riots in reason as a basis for govt. Ch 11.

http://www.amazon.com/Thieves-State-Corruption-Threatens-Security/dp/0393239462","""Thieves of State""",,"inherit","open","open",,"52-revision-v1",,,"2015-10-16 14:38:58","2015-10-16 14:38:58",,"52","http://statistquo.com/2015/10/16/52-revision-v1/","0","revision",,"0"
"60","1","2015-10-16 21:36:13","2015-10-16 21:36:13","A valuable account of the ideas behind the choices. 

The corruption comes from the source. Sarah chairs says the source is the tip, the head, the leader of State. 

But the corruption that flows out is the negation of individual allocation of scarce resources. 

Excellent explanation of American riots in reason as a basis for govt. Ch 11.

http://www.amazon.com/Thieves-State-Corruption-Threatens-Security/dp/0393239462","""Thieves of State""",,"inherit","open","open",,"52-revision-v1",,,"2015-10-16 21:36:13","2015-10-16 21:36:13",,"52","http://statistquo.com/2015/10/16/52-revision-v1/","0","revision",,"0"
"61","1","2015-10-19 03:06:14","2015-10-19 03:06:14","A valuable account of the ideas behind the choices. 

The corruption comes from the source. Sarah chairs says the source is the tip, the head, the leader of State. 

But the corruption that flows out is the negation of individual allocation of scarce resources. 

Excellent explanation of American riots in reason as a basis for govt. Ch 11.

The author goes through a list of fixes that can be implemented, some of them good some bad, but all directed at reducing corruption, but the type of corruption she is talking about is not adequately defined. 

http://www.amazon.com/Thieves-State-Corruption-Threatens-Security/dp/0393239462","""Thieves of State""",,"inherit","open","open",,"52-revision-v1",,,"2015-10-19 03:06:14","2015-10-19 03:06:14",,"52","http://statistquo.com/2015/10/19/52-revision-v1/","0","revision",,"0"
"62","1","2015-10-24 19:23:17","2015-10-24 19:23:17","This is a problem faced by many vertically-integrated companies. They have to pay more for an inferior product from within their own organization than they would in an unrestricted market. 

The CSUF faculty are not necessarily ignorant or even negligent. They simply don't have an incentive to take the time to investigate all the alternatives. 

It is the protected textbook market that is at fault and excludes the work done by other investigators, such as the non, conformist professor and his students. 

<a href=""http://m.ocregister.com/articles/goode-689026-text-math.html"">http://m.ocregister.com/articles/goode-689026-text-math.html</a>","Cal State Fullerton stands by $180 math textbook The Orange County Register",,"publish","open","open",,"cal-state-fullerton-stands-by-180-math-textbook-the-orange-county-register",,,"2015-10-24 19:23:17","2015-10-24 19:23:17",,"0","http://statistquo.com/?p=62","0","post",,"0"
"63","1","2015-10-24 19:23:17","2015-10-24 19:23:17","This is a problem faced by many vertically-integrated companies. They have to pay more for an inferior product from within their own organization than they would in an unrestricted market. 

The CSUF faculty are not necessarily ignorant or even negligent. They simply don't have an incentive to take the time to investigate all the alternatives. 

It is the protected textbook market that is at fault and excludes the work done by other investigators, such as the non, conformist professor and his students. 

<a href=""http://m.ocregister.com/articles/goode-689026-text-math.html"">http://m.ocregister.com/articles/goode-689026-text-math.html</a>","Cal State Fullerton stands by $180 math textbook The Orange County Register",,"inherit","open","open",,"62-revision-v1",,,"2015-10-24 19:23:17","2015-10-24 19:23:17",,"62","http://statistquo.com/2015/10/24/62-revision-v1/","0","revision",,"0"
"64","1","2015-10-24 22:04:36","2015-10-24 22:04:36","https://youtu.be/QNDoBstRkxI","Watch ""Why I Was Wrong About Socialism"" on YouTube",,"publish","open","open",,"watch-why-i-was-wrong-about-socialism-on-youtube",,,"2015-10-24 22:04:36","2015-10-24 22:04:36",,"0","http://statistquo.com/?p=64","0","post",,"0"
"65","1","2015-10-24 22:04:36","2015-10-24 22:04:36","https://youtu.be/QNDoBstRkxI","Watch ""Why I Was Wrong About Socialism"" on YouTube",,"inherit","open","open",,"64-revision-v1",,,"2015-10-24 22:04:36","2015-10-24 22:04:36",,"64","http://statistquo.com/2015/10/24/64-revision-v1/","0","revision",,"0"
"66","1","2015-10-25 05:21:16","2015-10-25 05:21:16","About 15 years ago I became disgusted with socialism and statism and I began looking into free market capitalism. 

It was in the process of that study, over a period of years, that I found something that I never expected: my own life. 

Now I can explain why I should have expected to find it there, and moreover how everyone should expect to find their life in there. Not just everyone reading this, but every human that will ever exist within a society.","Separate market and state",,"draft","open","open",,,,,"2015-10-25 05:21:16","2015-10-25 05:21:16",,"0","http://statistquo.com/?p=66","0","post",,"0"
"67","1","2015-10-25 05:21:16","2015-10-25 05:21:16","About 15 years ago I became disgusted with socialism and statism and I began looking into free market capitalism. 

It was in the process of that study, over a period of years, that I found something that I never expected: my own life. 

Now I can explain why I should have expected to find it there, and moreover how everyone should expect to find their life in there. Not just everyone reading this, but every human that will ever exist within a society.","Separate market and state",,"inherit","open","open",,"66-revision-v1",,,"2015-10-25 05:21:16","2015-10-25 05:21:16",,"66","http://statistquo.com/2015/10/25/66-revision-v1/","0","revision",,"0"
"68","1","2015-10-30 04:17:36","2015-10-30 04:17:36",,"wpid-wp-1446178654955.jpeg",,"inherit","open","open",,"wpid-wp-1446178654955-jpeg",,,"2015-10-30 04:17:36","2015-10-30 04:17:36",,"69","http://statistquo.com/wp-content/uploads/2015/10/wpid-wp-1446178654955.jpeg","0","attachment","image/jpeg","0"
"69","1","2015-10-30 04:17:37","2015-10-30 04:17:37","<a href=""http://statistquo.com/wp-content/uploads/2015/10/wpid-wp-1446178654955.jpeg""><img title=""wp-1446178654955"" class=""alignnone size-full""  alt=""image"" src=""http://statistquo.com/wp-content/uploads/2015/10/wpid-wp-1446178654955.jpeg"" /></a>","Fascism posing as liberalism",,"draft","open","open",,,,,"2015-10-30 04:17:37","2015-10-30 04:17:37",,"0","http://statistquo.com/?p=69","0","post",,"0"
"70","1","2015-10-30 04:17:37","2015-10-30 04:17:37","<a href=""http://statistquo.com/wp-content/uploads/2015/10/wpid-wp-1446178654955.jpeg""><img title=""wp-1446178654955"" class=""alignnone size-full""  alt=""image"" src=""http://statistquo.com/wp-content/uploads/2015/10/wpid-wp-1446178654955.jpeg"" /></a>","Fascism posing as liberalism",,"inherit","open","open",,"69-revision-v1",,,"2015-10-30 04:17:37","2015-10-30 04:17:37",,"69","http://statistquo.com/2015/10/30/69-revision-v1/","0","revision",,"0"
"71","1","2015-11-23 05:58:00","2015-11-23 05:58:00","More appeals to and attempted justification for envy. 

""The Guardian: New Zealanders need to share our common wealth. Let's start by discussing inequality. <a href=""http://google.com/newsstand/s/CBIwpprg4iM"">http://google.com/newsstand/s/CBIwpprg4iM</a>""","The Guardian: New Zealanders need to share our common wealth. Let's start by discussing inequality",,"publish","open","open",,"the-guardian-new-zealanders-need-to-share-our-common-wealth-lets-start-by-discussing-inequality",,,"2015-11-23 05:58:00","2015-11-23 05:58:00",,"0","http://statistquo.com/?p=71","0","post",,"0"
"72","1","2015-11-23 05:58:00","2015-11-23 05:58:00","More appeals to and attempted justification for envy. 

""The Guardian: New Zealanders need to share our common wealth. Let's start by discussing inequality. <a href=""http://google.com/newsstand/s/CBIwpprg4iM"">http://google.com/newsstand/s/CBIwpprg4iM</a>""","The Guardian: New Zealanders need to share our common wealth. Let's start by discussing inequality",,"inherit","open","open",,"71-revision-v1",,,"2015-11-23 05:58:00","2015-11-23 05:58:00",,"71","http://statistquo.com/2015/11/23/71-revision-v1/","0","revision",,"0"
"73","1","2015-12-02 20:23:39","2015-12-02 20:23:39","<a href=""https://www.washingtonpost.com/news/wonk/wp/2015/12/02/why-some-people-feel-billionaire-pledges-like-mark-zuckerbergs-are-really-bad/"">https://www.washingtonpost.com/news/wonk/wp/2015/12/02/why-some-people-feel-billionaire-pledges-like-mark-zuckerbergs-are-really-bad/</a>","Why a German billionaire says that pledges like Mark Zuckerberg’s are really bad - The Washington Post",,"publish","open","open",,"why-a-german-billionaire-says-that-pledges-like-mark-zuckerbergs-are-really-bad-the-washington-post",,,"2015-12-02 20:23:39","2015-12-02 20:23:39",,"0","http://statistquo.com/?p=73","0","post",,"0"
"74","1","2015-12-02 20:23:39","2015-12-02 20:23:39","<a href=""https://www.washingtonpost.com/news/wonk/wp/2015/12/02/why-some-people-feel-billionaire-pledges-like-mark-zuckerbergs-are-really-bad/"">https://www.washingtonpost.com/news/wonk/wp/2015/12/02/why-some-people-feel-billionaire-pledges-like-mark-zuckerbergs-are-really-bad/</a>","Why a German billionaire says that pledges like Mark Zuckerberg’s are really bad - The Washington Post",,"inherit","open","open",,"73-revision-v1",,,"2015-12-02 20:23:39","2015-12-02 20:23:39",,"73","http://statistquo.com/2015/12/02/73-revision-v1/","0","revision",,"0"
"75","1","2015-12-20 06:43:43","2015-12-20 06:43:43","Sanders, and his camp, have invited us all to decide how much each other of us should get paid. 

You might think this will only apply to people you don't like, but eventually, is this policy continues to be pursued, it will apply to people you don't hate. 

<a href=""http://hollywoodlife.com/2015/12/19/kendall-jenner-instagram-money-paid-social-media-gigi-hadid/"">http://hollywoodlife.com/2015/12/19/kendall-jenner-instagram-money-paid-social-media-gigi-hadid/</a>","Kendall Jenner Instagram Money: See How Much She’s Paid For Social Media - Hollywood Life",,"publish","open","open",,"kendall-jenner-instagram-money-see-how-much-shes-paid-for-social-media-hollywood-life",,,"2015-12-20 06:43:43","2015-12-20 06:43:43",,"0","http://statistquo.com/?p=75","0","post",,"0"
"76","1","2015-12-20 06:43:43","2015-12-20 06:43:43","Sanders, and his camp, have invited us all to decide how much each other of us should get paid. 

You might think this will only apply to people you don't like, but eventually, is this policy continues to be pursued, it will apply to people you don't hate. 

<a href=""http://hollywoodlife.com/2015/12/19/kendall-jenner-instagram-money-paid-social-media-gigi-hadid/"">http://hollywoodlife.com/2015/12/19/kendall-jenner-instagram-money-paid-social-media-gigi-hadid/</a>","Kendall Jenner Instagram Money: See How Much She’s Paid For Social Media - Hollywood Life",,"inherit","open","open",,"75-revision-v1",,,"2015-12-20 06:43:43","2015-12-20 06:43:43",,"75","http://statistquo.com/2015/12/20/75-revision-v1/","0","revision",,"0"
"77","1","2015-12-20 09:26:29","2015-12-20 09:26:29","We should be moving beyond sharing to a better understanding, and even acceptance, of trade, but the Guardian argues against sharing. 

I hesitate to share this article. 

The Guardian: Whatever the likes of Airbnb and Uber are up to, it isn’t ‘sharing’… <a href=""http://google.com/newsstand/s/CBIwm_r-9iM"">http://google.com/newsstand/s/CBIwm_r-9iM</a>","The Guardian: Whatever the likes of Airbnb and Uber are up to, it isn’t ‘sharing’…",,"publish","open","open",,"the-guardian-whatever-the-likes-of-airbnb-and-uber-are-up-to-it-isnt-sharing",,,"2015-12-20 09:26:29","2015-12-20 09:26:29",,"0","http://statistquo.com/?p=77","0","post",,"0"
"78","1","2015-12-20 09:26:29","2015-12-20 09:26:29","We should be moving beyond sharing to a better understanding, and even acceptance, of trade, but the Guardian argues against sharing. 

I hesitate to share this article. 

The Guardian: Whatever the likes of Airbnb and Uber are up to, it isn’t ‘sharing’… <a href=""http://google.com/newsstand/s/CBIwm_r-9iM"">http://google.com/newsstand/s/CBIwm_r-9iM</a>","The Guardian: Whatever the likes of Airbnb and Uber are up to, it isn’t ‘sharing’…",,"inherit","open","open",,"77-revision-v1",,,"2015-12-20 09:26:29","2015-12-20 09:26:29",,"77","http://statistquo.com/2015/12/20/77-revision-v1/","0","revision",,"0"
"79","1","2016-01-05 02:50:48","2016-01-05 02:50:48","<a href=""http://www.worldfuturefund.org/wffmaster/Reading/Germany/mussolini.htm"">http://www.worldfuturefund.org/wffmaster/Reading/Germany/mussolini.htm</a>","Mussolini - THE DOCTRINE OF FASCISM",,"publish","open","open",,"mussolini-the-doctrine-of-fascism",,,"2016-01-05 02:50:48","2016-01-05 02:50:48",,"0","http://statistquo.com/?p=79","0","post",,"0"
"80","1","2016-01-05 02:50:48","2016-01-05 02:50:48","<a href=""http://www.worldfuturefund.org/wffmaster/Reading/Germany/mussolini.htm"">http://www.worldfuturefund.org/wffmaster/Reading/Germany/mussolini.htm</a>","Mussolini - THE DOCTRINE OF FASCISM",,"inherit","open","open",,"79-revision-v1",,,"2016-01-05 02:50:48","2016-01-05 02:50:48",,"79","http://statistquo.com/2016/01/05/79-revision-v1/","0","revision",,"0"
"81","1","2016-02-02 00:22:26","2016-02-02 00:22:26","<a href=""http://dailycaller.com/2016/01/31/exclusive-secret-fed-docs-show-obama-misled-congress-public-during-debt-limit-crises/"">http://dailycaller.com/2016/01/31/exclusive-secret-fed-docs-show-obama-misled-congress-public-during-debt-limit-crises/</a>","Secret Docs: Obama Misled Congress On Debt Crisis | The Daily Caller",,"publish","open","open",,"secret-docs-obama-misled-congress-on-debt-crisis-the-daily-caller",,,"2016-02-02 00:22:26","2016-02-02 00:22:26",,"0","http://statistquo.com/?p=81","0","post",,"0"
"82","1","2016-02-02 00:22:26","2016-02-02 00:22:26","<a href=""http://dailycaller.com/2016/01/31/exclusive-secret-fed-docs-show-obama-misled-congress-public-during-debt-limit-crises/"">http://dailycaller.com/2016/01/31/exclusive-secret-fed-docs-show-obama-misled-congress-public-during-debt-limit-crises/</a>","Secret Docs: Obama Misled Congress On Debt Crisis | The Daily Caller",,"inherit","open","open",,"81-revision-v1",,,"2016-02-02 00:22:26","2016-02-02 00:22:26",,"81","http://statistquo.com/2016/02/02/81-revision-v1/","0","revision",,"0"
"83","1","2016-02-14 05:04:20","2016-02-14 05:04:20","<a href=""https://theintercept.com/2015/05/07/congress-argues-cant-investigated-insider-trading/"">https://theintercept.com/2015/05/07/congress-argues-cant-investigated-insider-trading/</a>","Congress Tells Court That Congress Can’t Be Investigated for Insider Trading",,"publish","open","open",,"congress-tells-court-that-congress-cant-be-investigated-for-insider-trading",,,"2016-02-14 05:04:20","2016-02-14 05:04:20",,"0","http://statistquo.com/?p=83","0","post",,"0"
"84","1","2016-02-14 05:04:20","2016-02-14 05:04:20","<a href=""https://theintercept.com/2015/05/07/congress-argues-cant-investigated-insider-trading/"">https://theintercept.com/2015/05/07/congress-argues-cant-investigated-insider-trading/</a>","Congress Tells Court That Congress Can’t Be Investigated for Insider Trading",,"inherit","open","open",,"83-revision-v1",,,"2016-02-14 05:04:20","2016-02-14 05:04:20",,"83","http://statistquo.com/2016/02/14/83-revision-v1/","0","revision",,"0"
"85","1","2016-03-05 21:48:03","2016-03-05 21:48:03","<a href=""http://www.wsj.com/articles/how-progressives-drive-income-inequality-1457132837"">http://www.wsj.com/articles/how-progressives-drive-income-inequality-1457132837</a>","How Progressives Drive Income Inequality - WSJ",,"publish","open","open",,"how-progressives-drive-income-inequality-wsj",,,"2016-03-05 21:48:03","2016-03-05 21:48:03",,"0","http://statistquo.com/?p=85","0","post",,"0"
"86","1","2016-03-05 21:48:03","2016-03-05 21:48:03","<a href=""http://www.wsj.com/articles/how-progressives-drive-income-inequality-1457132837"">http://www.wsj.com/articles/how-progressives-drive-income-inequality-1457132837</a>","How Progressives Drive Income Inequality - WSJ",,"inherit","open","open",,"85-revision-v1",,,"2016-03-05 21:48:03","2016-03-05 21:48:03",,"85","http://statistquo.com/2016/03/05/85-revision-v1/","0","revision",,"0"
"87","1","2016-03-09 08:31:20","2016-03-09 08:31:20","<a href=""http://www.stephenhicks.org/#article/26919"">http://www.stephenhicks.org/#article/26919</a>","Stephen Hicks, Ph.D. – Philosopher",,"publish","open","open",,"stephen-hicks-ph-d-philosopher",,,"2016-03-09 08:31:20","2016-03-09 08:31:20",,"0","http://statistquo.com/?p=87","0","post",,"0"
"88","1","2016-03-09 08:31:20","2016-03-09 08:31:20","<a href=""http://www.stephenhicks.org/#article/26919"">http://www.stephenhicks.org/#article/26919</a>","Stephen Hicks, Ph.D. – Philosopher",,"inherit","open","open",,"87-revision-v1",,,"2016-03-09 08:31:20","2016-03-09 08:31:20",,"87","http://statistquo.com/2016/03/09/87-revision-v1/","0","revision",,"0"
"89","1","2016-03-09 21:22:34","2016-03-09 21:22:34","A bull market starting in March, 2009? 

Could that be related to the trillions of dollars the government is creating to promote spending in the hopes that it will ""fix"" the failing economy? 

<a href=""http://www.usatoday.com/story/money/markets/2016/03/09/7-year-bull-makes-investors-16t-richer/81515958/"">http://www.usatoday.com/story/money/markets/2016/03/09/7-year-bull-makes-investors-16t-richer/81515958/</a>","7-year bull makes investors $16T richer!",,"publish","open","open",,"7-year-bull-makes-investors-16t-richer",,,"2016-03-09 21:22:34","2016-03-09 21:22:34",,"0","http://statistquo.com/?p=89","0","post",,"0"
"90","1","2016-03-09 21:22:34","2016-03-09 21:22:34","A bull market starting in March, 2009? 

Could that be related to the trillions of dollars the government is creating to promote spending in the hopes that it will ""fix"" the failing economy? 

<a href=""http://www.usatoday.com/story/money/markets/2016/03/09/7-year-bull-makes-investors-16t-richer/81515958/"">http://www.usatoday.com/story/money/markets/2016/03/09/7-year-bull-makes-investors-16t-richer/81515958/</a>","7-year bull makes investors $16T richer!",,"inherit","open","open",,"89-revision-v1",,,"2016-03-09 21:22:34","2016-03-09 21:22:34",,"89","http://statistquo.com/2016/03/09/89-revision-v1/","0","revision",,"0"
"91","1","2016-03-16 08:00:33","2016-03-16 08:00:33","<a href=""https://www.hawaii.edu/powerkills/NOTE1.HTM"">https://www.hawaii.edu/powerkills/NOTE1.HTM</a>","DEATH BY GOVERNMENT: GENOCIDE AND MASS MURDER",,"publish","open","open",,"death-by-government-genocide-and-mass-murder",,,"2016-03-16 08:00:34","2016-03-16 08:00:34",,"0","http://statistquo.com/?p=91","0","post",,"0"
"92","1","2016-03-16 08:00:34","2016-03-16 08:00:34","<a href=""https://www.hawaii.edu/powerkills/NOTE1.HTM"">https://www.hawaii.edu/powerkills/NOTE1.HTM</a>","DEATH BY GOVERNMENT: GENOCIDE AND MASS MURDER",,"inherit","open","open",,"91-revision-v1",,,"2016-03-16 08:00:34","2016-03-16 08:00:34",,"91","http://statistquo.com/2016/03/16/91-revision-v1/","0","revision",,"0"
